id,word,category,hints
1,Lion,animals,mane|golden|roar
2,Elephant,animals,trunk|memory|grey
3,Penguin,animals,waddle|cold|formal
4,Giraffe,animals,tall|spots|neck
5,Shark,animals,fin|teeth|deep
6,Eagle,animals,soar|sharp|freedom
7,Wolf,animals,pack|howl|grey
8,Crocodile,animals,snap|green|ancient
9,Cheetah,animals,fast|spotted|chase
10,Gorilla,animals,strong|jungle|chest
11,Panda,animals,bamboo|black|round
12,Kangaroo,animals,pouch|hop|outback
13,Flamingo,animals,pink|stand|tropical
14,Chameleon,animals,blend|colorful|slow
15,Octopus,animals,arms|ink|deep
16,Parrot,animals,talk|colorful|perch
17,Zebra,animals,stripes|herd|black
18,Polar Bear,animals,white|arctic|swim
19,Peacock,animals,fan|colorful|proud
20,Manta Ray,animals,flat|glide|ocean
21,Platypus,animals,bill|odd|Australian
22,Jaguar,animals,spots|jungle|stealth
23,Narwhal,animals,horn|arctic|ocean
24,Komodo Dragon,animals,island|lizard|ancient
25,Sloth,animals,slow|hang|jungle
26,Meerkat,animals,guard|desert|stand
27,Orca,animals,black|smart|pod
28,Axolotl,animals,gills|pink|regenerate
29,Chimpanzee,animals,smart|climb|social
30,Rhinoceros,animals,horn|heavy|grey
31,Hippopotamus,animals,water|wide|heavy
32,Jellyfish,animals,sting|float|clear
33,Sea Turtle,animals,slow|shell|ancient
34,Toucan,animals,beak|colorful|jungle
35,Lemur,animals,eyes|tail|Madagascar
36,Bald Eagle,animals,white head|freedom|sharp
37,Snow Leopard,animals,spots|mountain|rare
38,Mandrill,animals,colorful|face|jungle
39,Capybara,animals,large|calm|water
40,Wombat,animals,round|burrow|Australian
41,Tapir,animals,snout|forest|odd
42,Pangolin,animals,scales|curl|rare
43,Wolverine,animals,fierce|small|cold
44,Red Panda,animals,fluffy|tree|bamboo
45,Moose,animals,antler|tall|cold
46,Bison,animals,hump|herd|plains
47,Cassowary,animals,kick|colorful|dangerous
48,Manatee,animals,slow|gentle|water
49,Puma,animals,mountain|silent|leap
50,Ocelot,animals,spots|small|nocturnal
51,Stingray,animals,flat|tail|sand
52,Condor,animals,wide|soar|mountain
53,Tasmanian Devil,animals,screech|fierce|island
54,Albatross,animals,wide|ocean|glide
55,Firefly,animals,glow|night|small
56,Piranha,animals,teeth|river|fast
57,Scorpion,animals,sting|tail|desert
58,Porcupine,animals,quill|round|nocturnal
59,Anteater,animals,tongue|long|insects
60,Flying Fox,animals,hang|wing|night
61,Barracuda,animals,fast|teeth|silver
62,Ibis,animals,beak|white|water
63,Hyena,animals,laugh|scavenge|pack
64,Lynx,animals,ears|cold|silent
65,Mantis Shrimp,animals,punch|color|fast
66,Gharial,animals,snout|river|rare
67,Okapi,animals,stripes|rare|jungle
68,Quokka,animals,smile|small|island
69,Binturong,animals,popcorn|tree|slow
70,Mudskipper,animals,walk|mud|odd
71,Proboscis Monkey,animals,nose|large|Borneo
72,Fossa,animals,cat|Madagascar|climb
73,Saiga,animals,nose|steppe|odd
74,Shoebill,animals,beak|stare|swamp
75,Aye-aye,animals,finger|nocturnal|odd
76,Blobfish,animals,sad|deep|soft
77,Sun Bear,animals,small|chest|Southeast Asia
78,Numbat,animals,stripe|termite|Australian
79,Olm,animals,cave|blind|pale
80,Tarsier,animals,eyes|small|island
81,Dugong,animals,gentle|ocean|round
82,Springbok,animals,leap|African|fast
83,Gerenuk,animals,neck|stand|African
84,Kinkajou,animals,honey|tree|tail
85,Serval,animals,ears|spotted|tall
86,Caracal,animals,ears|leap|fast
87,Musk Ox,animals,wool|cold|herd
88,Walrus,animals,tusk|fat|cold
89,Sea Lion,animals,bark|flipper|rock
90,Kookaburra,animals,laugh|Australian|bird
91,Wolverine,animals,tough|claws|north
92,Dingo,animals,wild|Australian|dog
93,Ibex,animals,horn|mountain|climb
94,Electric Eel,animals,shock|river|long
95,Blue-ringed Octopus,animals,tiny|deadly|glow
96,Hummingbird,animals,fast|tiny|hover
97,Secretary Bird,animals,kick|tall|African
98,Whale Shark,animals,large|gentle|filter
99,Hammerhead Shark,animals,wide|head|sense
100,Orang-utan,animals,orange|tree|smart
101,Bonobo,animals,peace|smart|social
102,Resplendent Quetzal,animals,green|tail|sacred
103,Mandarin Duck,animals,colorful|water|male
104,Watermelon,fruit,summer|seeds|green
105,Mango,fruit,tropical|yellow|sweet
106,Pineapple,fruit,spiky|tropical|crown
107,Strawberry,fruit,red|seeds|jam
108,Blueberry,fruit,small|blue|forest
109,Avocado,fruit,green|creamy|pit
110,Coconut,fruit,hard|tropical|white
111,Peach,fruit,fuzzy|sweet|stone
112,Grape,fruit,vine|cluster|wine
113,Lemon,fruit,sour|yellow|zest
114,Pomegranate,fruit,seeds|red|jewel
115,Fig,fruit,ancient|sweet|soft
116,Dragonfruit,fruit,exotic|pink|speckled
117,Lychee,fruit,sweet|tropical|shell
118,Plum,fruit,purple|stone|tart
119,Papaya,fruit,orange|tropical|soft
120,Guava,fruit,tropical|pink|fragrant
121,Persimmon,fruit,orange|autumn|sweet
122,Starfruit,fruit,shape|yellow|tart
123,Tamarind,fruit,sour|pod|brown
124,Durian,fruit,spiky|smell|Southeast Asia
125,Mandarin,fruit,small|peel|citrus
126,Cranberry,fruit,red|tart|bog
127,Quince,fruit,golden|hard|ancient
128,Mulberry,fruit,dark|stain|tree
129,Banana,fruit,yellow|peel|curved
130,Apricot,fruit,orange|stone|velvet
131,Passion Fruit,fruit,purple|tropical|tart
132,Kiwi,fruit,fuzzy|green|small
133,Raspberry,fruit,red|tart|tiny
134,Blackberry,fruit,dark|thorny|wild
135,Cherry,fruit,red|small|stone
136,Lime,fruit,green|sour|cocktail
137,Orange,fruit,round|peel|citrus
138,Apple,fruit,crunch|red|autumn
139,Pear,fruit,teardrop|green|sweet
140,Grapefruit,fruit,bitter|large|pink
141,Cantaloupe,fruit,orange|net|summer
142,Honeydew,fruit,pale|sweet|round
143,Jackfruit,fruit,large|spiky|tropical
144,Longan,fruit,sweet|shell|Asian
145,Rambutan,fruit,hairy|red|tropical
146,Feijoa,fruit,fragrant|green|South America
147,Ackee,fruit,Caribbean|red|national
148,Breadfruit,fruit,starchy|round|island
149,Soursop,fruit,spiky|creamy|tropical
150,Cherimoya,fruit,creamy|heart|South America
151,Salak,fruit,scale|snake|Indonesian
152,Noni,fruit,smell|tropical|health
153,Jabuticaba,fruit,trunk|dark|Brazilian
154,Tamarillo,fruit,red|tangy|New Zealand
155,Cactus Pear,fruit,spiny|red|desert
156,Kumquat,fruit,tiny|orange|eat whole
157,Ugli Fruit,fruit,wrinkled|citrus|Caribbean
158,Buddha Hand,fruit,finger|citrus|odd
159,Miracle Fruit,fruit,sweet|trick|West Africa
160,Marula,fruit,African|elephant|cream
161,Pizza,food,round|cheese|Italian
162,Sushi,food,raw|Japanese|roll
163,Burger,food,bun|beef|fast
164,Pasta,food,Italian|boil|sauce
165,Tacos,food,Mexican|fold|spicy
166,Curry,food,spicy|sauce|warm
167,Ramen,food,noodle|broth|Japanese
168,Cheesecake,food,creamy|sweet|base
169,Pancakes,food,flat|stack|morning
170,Steak,food,grill|red|tender
171,Dumplings,food,fold|steam|Chinese
172,Croissant,food,flaky|French|butter
173,Kebab,food,skewer|grill|spiced
174,Paella,food,yellow|Spanish|pan
175,Lasagna,food,layer|baked|Italian
176,Spring Roll,food,crispy|wrap|Asian
177,Hummus,food,dip|smooth|Middle East
178,Biryani,food,rice|spiced|layered
179,Falafel,food,fried|round|chickpea
180,Tiramisu,food,coffee|layer|Italian
181,Ceviche,food,raw|citrus|coastal
182,Baklava,food,sweet|layer|honey
183,Pho,food,broth|Vietnamese|herb
184,Mochi,food,chewy|Japanese|soft
185,Churros,food,fried|dip|Spanish
186,Waffles,food,grid|crispy|morning
187,Omelette,food,egg|fold|pan
188,Fondue,food,dip|Swiss|melt
189,Risotto,food,creamy|Italian|stir
190,Moussaka,food,layer|Greek|baked
191,Goulash,food,stew|Hungarian|paprika
192,Pierogi,food,dumpling|Polish|boil
193,Shakshuka,food,egg|tomato|Middle East
194,Tagine,food,slow|Moroccan|cone
195,Dim Sum,food,small|Chinese|basket
196,Poke Bowl,food,raw|Hawaiian|bowl
197,Gyoza,food,fold|Japanese|crispy
198,Souvlaki,food,skewer|Greek|grill
199,Borscht,food,red|beet|Eastern Europe
200,Tempura,food,batter|Japanese|light
201,Poutine,food,gravy|Canadian|fries
202,Empanada,food,fold|Latin|baked
203,Bibimbap,food,bowl|Korean|mix
204,Injera,food,spongy|Ethiopian|sour
205,Rendang,food,dark|Indonesian|slow
206,Jerk Chicken,food,spicy|Jamaican|smoke
207,Brigadeiro,food,chocolate|Brazilian|sweet
208,Gelato,food,Italian|smooth|cold
209,Crepe,food,thin|French|fill
210,Cannoli,food,tube|Sicilian|cream
211,Peking Duck,food,crispy|Chinese|wrap
212,Tom Yum,food,sour|Thai|hot
213,Naan,food,bread|Indian|oven
214,Samosa,food,triangle|Indian|fried
215,Dolma,food,stuffed|leaf|Mediterranean
216,Arepas,food,corn|Colombian|flat
217,Khachapuri,food,cheese|Georgian|bread
218,Knafeh,food,orange|sweet|Middle East
219,Custard Tart,food,egg|Portuguese|pastry
220,Clam Chowder,food,creamy|New England|bowl
221,Fish and Chips,food,British|wrapped|batter
222,Beef Wellington,food,pastry|British|beef
223,Lobster Roll,food,New England|bun|cold
224,Bao Bun,food,soft|Chinese|steamed
225,Okonomiyaki,food,Japanese|savory|pancake
226,Mole,food,dark|Mexican|complex
227,Haggis,food,Scottish|offal|bag
228,Sabich,food,Israeli|eggplant|pita
229,Bratwurst,food,German|sausage|grill
230,Bunny Chow,food,South African|bread|curry
231,Jollof Rice,food,West African|red|rice
232,Suya,food,Nigerian|skewer|spice
233,Mapo Tofu,food,spicy|Chinese|silky
234,Beef Bulgogi,food,Korean|sweet|grill
235,Cevapi,food,Balkan|grill|small
236,Stamppot,food,Dutch|mash|winter
237,Rösti,food,Swiss|potato|crispy
238,Pupusa,food,stuffed|El Salvador|flat
239,Lutefisk,food,Nordic|fish|preserved
240,Stamppot,food,mash|Dutch|hearty
241,Umbrella,objects,rain|fold|handle
242,Mirror,objects,reflect|glass|silver
243,Candle,objects,flame|wax|melt
244,Compass,objects,direction|needle|north
245,Hourglass,objects,sand|time|narrow
246,Telescope,objects,star|long|glass
247,Anchor,objects,heavy|sea|hold
248,Clock,objects,tick|round|hands
249,Key,objects,unlock|metal|teeth
250,Suitcase,objects,travel|handle|lock
251,Typewriter,objects,click|paper|old
252,Globe,objects,spin|round|map
253,Scissors,objects,cut|sharp|blades
254,Thermometer,objects,measure|glass|mercury
255,Binoculars,objects,far|two|lens
256,Vase,objects,flower|ceramic|decor
257,Abacus,objects,count|beads|ancient
258,Metronome,objects,tick|music|swing
259,Quill,objects,feather|write|ink
260,Lantern,objects,glow|carry|old
261,Anvil,objects,heavy|forge|metal
262,Gramophone,objects,horn|spin|old music
263,Loom,objects,weave|thread|fabric
264,Sundial,objects,shadow|time|ancient
265,Periscope,objects,see|submarine|above
266,Sextant,objects,navigate|angle|sea
267,Astrolabe,objects,star|ancient|navigate
268,Kaleidoscope,objects,color|spin|pattern
269,Magnifying Glass,objects,big|lens|detective
270,Pocket Watch,objects,chain|old|tick
271,Syringe,objects,needle|liquid|push
272,Scales,objects,balance|justice|weigh
273,Stethoscope,objects,listen|chest|doctor
274,Shovel,objects,dig|ground|handle
275,Wheelbarrow,objects,wheel|garden|carry
276,Pulley,objects,rope|lift|wheel
277,Catapult,objects,launch|ancient|arm
278,Lute,objects,pluck|old|pear
279,Harp,objects,string|vertical|angel
280,Accordion,objects,squeeze|fold|loud
281,Bagpipe,objects,blow|Scottish|loud
282,Xylophone,objects,hit|color|bar
283,Cauldron,objects,boil|large|witch
284,Goblet,objects,drink|stem|royal
285,Scroll,objects,roll|ancient|write
286,Percolator,objects,bubble|coffee|heat
287,Wok,objects,round|Asian|high heat
288,Mortar and Pestle,objects,grind|stone|ancient
289,Padlock,objects,lock|U-shape|secure
290,Mousetrap,objects,snap|bait|spring
291,Canteen,objects,water|carry|military
292,Tripod,objects,three|stand|stable
293,Easel,objects,hold|paint|stand
294,Barometer,objects,pressure|weather|glass
295,Microscope,objects,tiny|lens|lab
296,Protractor,objects,angle|semicircle|measure
297,Flail,objects,chain|medieval|swing
298,Spindle,objects,spin|thread|pointed
299,Trowel,objects,small|garden|spread
300,Spirit Level,objects,bubble|straight|build
301,Plumb Bob,objects,hang|weight|straight
302,Bellows,objects,air|fire|push
303,Didgeridoo,objects,blow|long|Australian
304,Boomerang,objects,return|curved|Australian
305,Sarcophagus,objects,coffin|Egyptian|stone
306,Albert Einstein,famous_people,theory|hair|genius
307,Cleopatra,famous_people,ancient|Egypt|queen
308,Leonardo da Vinci,famous_people,paint|invent|Italian
309,Napoleon Bonaparte,famous_people,short|France|conquer
310,Marilyn Monroe,famous_people,blonde|Hollywood|icon
311,Nelson Mandela,famous_people,peace|prison|Africa
312,Shakespeare,famous_people,write|play|old
313,Isaac Newton,famous_people,apple|gravity|math
314,Marie Curie,famous_people,science|radiation|first
315,Michael Jackson,famous_people,dance|glove|pop
316,Gandhi,famous_people,peace|thin|India
317,Abraham Lincoln,famous_people,tall|hat|president
318,Nikola Tesla,famous_people,electric|genius|eccentric
319,Frida Kahlo,famous_people,paint|brow|Mexico
320,Winston Churchill,famous_people,war|cigar|Britain
321,Steve Jobs,famous_people,apple|black|innovate
322,Charles Darwin,famous_people,evolution|beard|nature
323,Beethoven,famous_people,deaf|compose|classical
324,Muhammad Ali,famous_people,float|punch|champion
325,Vincent van Gogh,famous_people,ear|paint|swirl
326,Genghis Khan,famous_people,conquer|vast|horseback
327,Socrates,famous_people,question|ancient|Athens
328,Ada Lovelace,famous_people,code|first|Victorian
329,Archimedes,famous_people,bath|principle|ancient
330,Confucius,famous_people,wisdom|ancient|China
331,Harriet Tubman,famous_people,freedom|railroad|brave
332,Marco Polo,famous_people,travel|China|explorer
333,Michelangelo,famous_people,ceiling|sculpt|Italian
334,Julius Caesar,famous_people,Rome|power|betrayed
335,Galileo Galilei,famous_people,telescope|earth|church
336,Mozart,famous_people,child|compose|Vienna
337,Aristotle,famous_people,logic|ancient|teacher
338,Plato,famous_people,cave|ideal|ancient
339,Alexander the Great,famous_people,young|conquer|vast
340,Joan of Arc,famous_people,voices|France|burned
341,Martin Luther King,famous_people,dream|march|peaceful
342,Rosa Parks,famous_people,seat|bus|brave
343,Alan Turing,famous_people,code|machine|mind
344,Stephen Hawking,famous_people,black hole|chair|voice
345,Neil Armstrong,famous_people,moon|first|step
346,Amelia Earhart,famous_people,fly|first|lost
347,Freddie Mercury,famous_people,mustache|stage|legendary
348,Elvis Presley,famous_people,hip|Memphis|king
349,David Bowie,famous_people,alter ego|ziggy|style
350,John Lennon,famous_people,imagine|Beatles|peace
351,Pablo Picasso,famous_people,cubism|blue|Spanish
352,Salvador Dali,famous_people,mustache|surreal|melt
353,Walt Disney,famous_people,mouse|dream|magic
354,Charlie Chaplin,famous_people,silent|cane|mustache
355,Coco Chanel,famous_people,fashion|French|timeless
356,Florence Nightingale,famous_people,lamp|nurse|war
357,Mother Teresa,famous_people,poor|sari|Calcutta
358,Karl Marx,famous_people,beard|class|manifesto
359,Sigmund Freud,famous_people,dream|couch|mind
360,Friedrich Nietzsche,famous_people,mustache|power|German
361,Louis Pasteur,famous_people,germ|milk|French
362,Thomas Edison,famous_people,bulb|patent|American
363,Alexander Graham Bell,famous_people,telephone|sound|Scottish
364,Henry Ford,famous_people,car|assembly|mass
365,Ramesses II,famous_people,pharaoh|temple|long
366,Attila the Hun,famous_people,fearsome|horseback|west
367,Hannibal Barca,famous_people,elephant|Alps|Carthage
368,Spartacus,famous_people,slave|revolt|gladiator
369,Catherine the Great,famous_people,Russian|empress|expand
370,Copernicus,famous_people,sun|center|Polish
371,Johannes Kepler,famous_people,orbit|ellipse|German
372,Oprah Winfrey,famous_people,talk|give|media
373,Bill Gates,famous_people,windows|give|glasses
374,Elon Musk,famous_people,rocket|electric|tweet
375,Mark Twain,famous_people,river|wit|American
376,Ernest Hemingway,famous_people,simple|sea|hunt
377,Rembrandt,famous_people,light|Dutch|portrait
378,Sun Tzu,famous_people,war|art|ancient
379,Che Guevara,famous_people,beret|revolution|poster
380,Alfred Hitchcock,famous_people,suspense|cameo|birds
381,Charles Dickens,famous_people,Victorian|poor|write
382,Gregor Mendel,famous_people,pea|genetics|monk
383,Paris,cities,tower|romance|art
384,Tokyo,cities,neon|crowd|sushi
385,New York,cities,tall|busy|yellow
386,Dubai,cities,gold|desert|tall
387,London,cities,fog|red|royal
388,Rome,cities,ancient|marble|pasta
389,Sydney,cities,bridge|opera|sunny
390,Amsterdam,cities,canal|bike|tulip
391,Istanbul,cities,bridge|mosque|spice
392,Barcelona,cities,art|beach|tapas
393,Cairo,cities,pyramid|desert|ancient
394,Rio de Janeiro,cities,carnival|statue|beach
395,Bangkok,cities,temple|spicy|heat
396,Venice,cities,canal|boat|sinking
397,Prague,cities,castle|cobble|old
398,Singapore,cities,clean|island|strict
399,Marrakech,cities,spice|color|desert
400,Buenos Aires,cities,tango|steak|European
401,Kyoto,cities,temple|quiet|old
402,Cape Town,cities,mountain|coast|colorful
403,Mumbai,cities,busy|film|coast
404,Havana,cities,vintage|salsa|warm
405,Nairobi,cities,safari|highland|east
406,Reykjavik,cities,cold|aurora|small
407,Kathmandu,cities,mountain|temple|ancient
408,Lisbon,cities,tram|hill|Atlantic
409,Dubrovnik,cities,wall|coast|medieval
410,Vienna,cities,music|coffee|imperial
411,Athens,cities,ancient|hill|democracy
412,Moscow,cities,red|cold|onion
413,Beijing,cities,wall|forbidden|vast
414,Seoul,cities,K-pop|busy|tech
415,Osaka,cities,food|castle|friendly
416,Hong Kong,cities,dense|port|neon
417,Shanghai,cities,skyline|modern|river
418,Taipei,cities,tower|night market|island
419,Kuala Lumpur,cities,twin|forest|hot
420,Delhi,cities,old|spice|vast
421,Lagos,cities,busy|coastal|African
422,Johannesburg,cities,gold|urban|South Africa
423,Casablanca,cities,film|port|Morocco
424,Addis Ababa,cities,highland|coffee|African
425,Beirut,cities,nightlife|coast|rebuild
426,Tel Aviv,cities,beach|vibrant|Middle East
427,Tehran,cities,mountain|vast|Persian
428,Riyadh,cities,desert|royal|oil
429,Doha,cities,peninsula|Gulf|modern
430,Colombo,cities,island|coast|Sri Lanka
431,Dhaka,cities,dense|river|Bangladesh
432,Hanoi,cities,lake|north|ancient
433,Ho Chi Minh City,cities,busy|motorbike|south
434,Ulaanbaatar,cities,cold|steppe|Mongolia
435,Tbilisi,cities,wine|church|Georgia
436,Warsaw,cities,rebuilt|Polish|mermaid
437,Budapest,cities,river|thermal|twin
438,Sofia,cities,mountain|gold dome|Bulgaria
439,Bucharest,cities,palace|Romania|contrast
440,Riga,cities,art nouveau|Baltic|medieval
441,Tallinn,cities,old town|Baltic|digital
442,Helsinki,cities,design|Finnish|cold
443,Stockholm,cities,island|Swedish|clean
444,Oslo,cities,fjord|Norwegian|oil
445,Copenhagen,cities,bicycle|Danish|mermaid
446,Brussels,cities,waffle|EU|comic
447,Zurich,cities,bank|Swiss|lake
448,Munich,cities,beer|Bavaria|Oktoberfest
449,Berlin,cities,wall|reunited|art
450,Madrid,cities,royal|football|Spanish
451,Seville,cities,flamenco|orange|hot
452,Porto,cities,wine|tiles|Portuguese
453,Milan,cities,fashion|cathedral|Italian
454,Naples,cities,pizza|volcano|south Italy
455,Florence,cities,art|dome|Renaissance
456,Edinburgh,cities,castle|Scottish|festival
457,Dublin,cities,pub|Irish|green
458,Los Angeles,cities,sun|Hollywood|traffic
459,Chicago,cities,wind|lake|jazz
460,San Francisco,cities,bridge|fog|hill
461,Miami,cities,beach|art deco|hot
462,Las Vegas,cities,neon|gamble|desert
463,Toronto,cities,tower|multicultural|Canadian
464,Vancouver,cities,mountain|Pacific|clean
465,Mexico City,cities,vast|ancient|altitude
466,Lima,cities,Pacific|Peru|fog
467,Bogota,cities,highland|Colombia|cool
468,Santiago,cities,mountain|Chilean|modern
469,La Paz,cities,high|Bolivia|cable car
470,Quito,cities,equator|highland|Ecuador
471,Japan,countries,cherry|island|discipline
472,Brazil,countries,dance|jungle|football
473,Australia,countries,outback|danger|sunny
474,Egypt,countries,ancient|sand|river
475,Canada,countries,cold|maple|vast
476,India,countries,spice|colorful|vast
477,France,countries,wine|fashion|beret
478,Russia,countries,cold|vast|bear
479,Italy,countries,boot|pasta|art
480,Mexico,countries,spicy|colorful|ancient
481,Greece,countries,white|ancient|island
482,Norway,countries,fjord|cold|northern
483,Kenya,countries,safari|run|savanna
484,New Zealand,countries,green|island|sheep
485,Morocco,countries,spice|desert|colorful
486,Thailand,countries,temple|spicy|smile
487,Peru,countries,ancient|mountain|llama
488,Iceland,countries,volcanic|cold|aurora
489,South Africa,countries,diverse|cape|safari
490,Cuba,countries,vintage|cigar|warm
491,Mongolia,countries,vast|nomad|horse
492,Switzerland,countries,neutral|chocolate|mountain
493,Ethiopia,countries,ancient|coffee|highland
494,Nepal,countries,mountain|temple|small
495,Portugal,countries,fado|coast|explorer
496,Vietnam,countries,noodle|motorbike|coast
497,Colombia,countries,coffee|color|warm
498,Jordan,countries,desert|ancient|rose
499,Argentina,countries,tango|steak|southern
500,Spain,countries,bull|flamenco|hot
501,Germany,countries,beer|efficient|central
502,Turkey,countries,bridge|tea|ancient
503,Iran,countries,Persian|carpet|ancient
504,Indonesia,countries,island|jungle|vast
505,Philippines,countries,island|warm|rice
506,Nigeria,countries,oil|music|vast
507,Ghana,countries,gold|West Africa|stable
508,Tanzania,countries,Kilimanjaro|safari|coast
509,Madagascar,countries,island|unique|lemur
510,Cambodia,countries,temple|rice|southeast
511,Myanmar,countries,pagoda|ancient|southeast
512,Sri Lanka,countries,tea|island|pearl
513,Maldives,countries,coral|low|blue
514,Bhutan,countries,happiness|mountain|small
515,Kazakhstan,countries,vast|steppe|central
516,Azerbaijan,countries,flame|Caspian|Caucasus
517,Armenia,countries,mountain|ancient|church
518,Georgia,countries,wine|church|Caucasus
519,Ukraine,countries,wheat|sunflower|east
520,Romania,countries,castle|Dracula|eastern
521,Bulgaria,countries,rose|Black Sea|ancient
522,Croatia,countries,coast|Adriatic|medieval
523,Slovenia,countries,alpine|small|green
524,Latvia,countries,Baltic|forest|art nouveau
525,Lithuania,countries,Baltic|ancient|basketball
526,Estonia,countries,Baltic|digital|medieval
527,Finland,countries,sauna|aurora|forest
528,Denmark,countries,Viking|fairy tale|flat
529,Sweden,countries,ABBA|design|neutral
530,Austria,countries,music|Alps|imperial
531,Belgium,countries,waffle|chocolate|EU
532,Netherlands,countries,tulip|flat|bike
533,Ireland,countries,green|pub|Celtic
534,Scotland,countries,highland|kilt|whisky
535,Israel,countries,ancient|desert|holy
536,Saudi Arabia,countries,desert|oil|holy
537,China,countries,wall|vast|dragon
538,South Korea,countries,K-pop|tech|peninsula
539,Malaysia,countries,twin towers|jungle|diverse
540,Papua New Guinea,countries,island|diverse|jungle
541,Fiji,countries,island|warm|coral
542,Jamaica,countries,reggae|sprint|island
543,Costa Rica,countries,jungle|pura vida|peace
544,Ecuador,countries,equator|Galapagos|small
545,Bolivia,countries,high|salt flat|landlocked
546,Chile,countries,long|narrow|south
547,Czech Republic,countries,beer|castle|central
548,Poland,countries,resilient|central|bison
549,Hungary,countries,thermal|paprika|Danube
550,Uganda,countries,gorilla|lake|East Africa
551,Yoga,health,stretch|breathe|mat
552,Meditation,health,calm|breathe|still
553,Surgery,health,cut|sterile|heal
554,Vaccine,health,needle|prevent|immune
555,Headache,health,throb|temple|press
556,Insomnia,health,awake|night|tired
557,Vitamin,health,pill|supplement|daily
558,Therapy,health,talk|mind|heal
559,Fever,health,hot|sweat|rest
560,Fracture,health,bone|crack|cast
561,Nutrition,health,eat|balance|fuel
562,Diabetes,health,sugar|monitor|inject
563,Hydration,health,water|drink|clear
564,Fasting,health,empty|time|discipline
565,Blood Pressure,health,squeeze|arm|silent
566,Allergy,health,sneeze|react|avoid
567,Rehabilitation,health,recover|slow|rebuild
568,Anaesthesia,health,sleep|numb|gas
569,Immunity,health,defend|white|fight
570,Chemotherapy,health,cancer|strong|poison
571,Osteoporosis,health,bone|brittle|age
572,Acupuncture,health,needle|point|ancient
573,Vertigo,health,spin|height|dizzy
574,Defibrillator,health,shock|heart|emergency
575,Burnout,health,exhausted|work|empty
576,Migraine,health,light|throb|dark
577,Inflammation,health,swollen|red|hot
578,Anxiety,health,racing|tight|worry
579,Depression,health,heavy|low|grey
580,Asthma,health,breathe|inhale|tight
581,Anemia,health,pale|tired|iron
582,Hypertension,health,silent|pressure|high
583,Arthritis,health,joint|swell|stiff
584,Dementia,health,forget|age|slow
585,Stroke,health,sudden|brain|fast
586,Pneumonia,health,lung|wet|breathe
587,Malaria,health,mosquito|tropical|shake
588,Epilepsy,health,seizure|brain|sudden
589,Autism,health,spectrum|unique|social
590,ADHD,health,focus|active|distract
591,Bipolar,health,swing|high|low
592,Eczema,health,itch|skin|red
593,Kidney Stone,health,sharp|pass|mineral
594,Appendicitis,health,right side|sudden|remove
595,Ulcer,health,stomach|burn|sore
596,Cataract,health,cloudy|eye|age
597,Glaucoma,health,pressure|eye|silent
598,Sepsis,health,infection|spread|fast
599,Dialysis,health,kidney|machine|clean
600,MRI,health,magnet|tube|image
601,X-Ray,health,bone|beam|image
602,Pacemaker,health,heart|implant|regulate
603,Insulin,health,sugar|inject|hormone
604,Antibiotic,health,bacteria|course|pill
605,Morphine,health,strong|pain|opium
606,Adrenaline,health,rush|inject|fight
607,Melatonin,health,sleep|dark|hormone
608,Serotonin,health,happy|chemical|brain
609,Placebo,health,fake|belief|sugar
610,Quarantine,health,isolate|spread|contain
611,Pandemic,health,global|spread|crisis
  { id: 612, word: 'Parkinson\'s',    category: 'health', hints: 'shake|slow|brain' },
613,Schizophrenia,health,voices|perception|complex
614,Cholesterol,health,fat|artery|level
615,Jaundice,health,yellow|liver|newborn
616,Biopsy,health,sample|test|tissue
617,Transplant,health,organ|give|match
618,Nike,brands,tick|sport|just
619,Apple,brands,bite|sleek|premium
620,Coca-Cola,brands,red|fizz|sweet
  { id: 621, word: 'McDonald\'s',     category: 'brands', hints: 'arch|fast|yellow' },
622,Google,brands,search|colorful|data
623,Amazon,brands,box|arrow|deliver
624,Tesla,brands,electric|fast|futuristic
625,Netflix,brands,stream|red|binge
626,IKEA,brands,flat|Swedish|assemble
627,Starbucks,brands,green|mermaid|cup
628,Ferrari,brands,red|fast|Italian
629,Louis Vuitton,brands,pattern|luxury|French
630,Rolex,brands,tick|gold|prestige
631,Lego,brands,brick|color|build
632,Disney,brands,magic|mouse|dream
633,Red Bull,brands,wing|energy|can
634,Gucci,brands,double G|Italian|luxury
635,Spotify,brands,green|stream|discover
636,Adidas,brands,stripe|sport|German
637,Samsung,brands,screen|Korean|tech
638,Airbnb,brands,stay|share|travel
639,Uber,brands,ride|app|tap
640,Dyson,brands,suction|engineering|sleek
641,Chanel,brands,double C|French|timeless
642,Porsche,brands,crest|speed|German
643,Harley-Davidson,brands,rumble|eagle|freedom
644,Rolls-Royce,brands,silent|ghost|prestige
645,Prada,brands,minimal|Italian|luxury
646,Versace,brands,Medusa|bold|Italian
647,Hermès,brands,orange|saddle|waiting list
648,Lamborghini,brands,bull|sharp|Italian
649,Bugatti,brands,fast|French|extreme
650,BMW,brands,propeller|German|precise
651,Mercedes,brands,star|German|smooth
652,Audi,brands,rings|German|quattro
653,Toyota,brands,reliable|Japanese|vast
654,Volkswagen,brands,people|German|beetle
655,Microsoft,brands,window|four colors|software
656,Meta,brands,social|loop|Zuckerberg
657,YouTube,brands,play|red|video
658,WhatsApp,brands,green|bubble|free
659,Snapchat,brands,ghost|disappear|yellow
660,TikTok,brands,short|dance|Chinese
661,PayPal,brands,send|blue|digital
662,Zoom,brands,video|pandemic|blue
663,Sony,brands,Japanese|entertainment|wide
664,Canon,brands,camera|Japanese|lens
665,Nikon,brands,camera|Japanese|sharp
666,Bose,brands,noise|cancel|sound
667,Patagonia,brands,mountain|eco|outdoor
668,Supreme,brands,box logo|red|hype
669,GoPro,brands,action|tiny|mount
670,DJI,brands,drone|Chinese|sky
671,SpaceX,brands,rocket|reuse|Musk
672,NASA,brands,space|American|blue
673,ZARA,brands,fast fashion|Spanish|minimal
674,H&M,brands,affordable|Swedish|fashion
675,Uniqlo,brands,Japanese|simple|quality
676,Walmart,brands,spark|American|vast
677,eBay,brands,bid|colorful|second hand
678,Alibaba,brands,Chinese|giant|trade
679,Balenciaga,brands,chunky|hype|Spanish
680,Off-White,brands,quote mark|zip tie|Virgil
681,Ray-Ban,brands,aviator|cool|Italian
682,Leica,brands,red dot|German|precise
683,Bang & Olufsen,brands,Danish|minimal|premium
684,McLaren,brands,orange|F1|British
685,Bentley,brands,wings|British|smooth
686,Aston Martin,brands,British|James Bond|elegant
687,Hyundai,brands,H|Korean|affordable
688,Volvo,brands,safe|Swedish|iron mark
689,Peugeot,brands,lion|French|compact
690,Dior,brands,new look|French|elegant
691,Chess,games,black|strategy|king
692,Minecraft,games,block|build|survive
693,Monopoly,games,money|board|property
694,Fortnite,games,build|shoot|storm
695,Poker,games,card|bluff|chip
696,Mario,games,jump|mushroom|plumber
697,Tetris,games,fall|block|fit
698,Scrabble,games,letter|word|board
699,Among Us,games,vote|task|space
700,Jenga,games,tower|pull|balance
701,The Sims,games,life|build|control
702,Uno,games,card|color|skip
703,Darts,games,throw|aim|board
704,Billiards,games,ball|cue|pocket
  { id: 705, word: 'Rubik\'s Cube',   category: 'games', hints: 'twist|color|solve' },
706,League of Legends,games,champion|team|strategy
707,Dungeons & Dragons,games,dice|story|fantasy
708,Mahjong,games,tile|match|Chinese
709,Battleship,games,grid|sink|hidden
710,Pac-Man,games,yellow|chase|ghost
711,Zelda,games,quest|green|sword
712,Catan,games,resource|island|trade
713,Clue,games,murder|mansion|suspect
714,Risk,games,world|conquer|army
715,GTA,games,city|drive|crime
716,Candy Crush,games,sweet|match|phone
717,Pokémon,games,catch|evolve|battle
718,Call of Duty,games,shoot|military|online
719,FIFA,games,football|yearly|console
720,Halo,games,ring|space|shoot
721,God of War,games,axe|Greek|father
722,Red Dead Redemption,games,western|cowboy|open
723,The Witcher,games,monster|choice|silver
724,Cyberpunk,games,neon|future|city
725,Elden Ring,games,hard|open|ring
726,Dark Souls,games,die|bonfire|hard
727,Portal,games,orange|puzzle|cake
728,Counter-Strike,games,bomb|team|precise
729,Valorant,games,agent|ability|precise
730,Apex Legends,games,legend|fast|ring
731,PUBG,games,chicken|circle|100
732,Roblox,games,block|children|create
733,Stardew Valley,games,farm|relax|community
734,Animal Crossing,games,island|daily|cute
735,Hollow Knight,games,bug|dark|underground
736,Cuphead,games,cartoon|hard|boss
737,Undertale,games,spare|choice|heart
738,Hades,games,escape|rogue|Greek
739,Civilization,games,build|turn|empire
740,Age of Empires,games,build|gather|historical
741,StarCraft,games,zerg|Korean|fast
742,World of Warcraft,games,MMO|raid|class
743,Final Fantasy,games,JRPG|crystal|summon
744,Persona,games,mask|social|Tokyo
745,Overwatch,games,hero|team|ability
746,Diablo,games,dark|dungeon|loot
  { id: 747, word: 'Assassin\'s Creed',category: 'games', hints: 'hidden|historical|climb' },
748,BioShock,games,underwater|city|choice
749,Half-Life,games,crowbar|physics|G-man
750,Street Fighter,games,hadouken|tournament|2D
751,Mortal Kombat,games,finish|brutal|tournament
752,Smash Bros,games,platform|crossover|fight
753,Slay the Spire,games,card|rogue|deck
754,Celeste,games,mountain|jump|mental
755,Disco Elysium,games,detective|talk|weird
756,Donkey Kong,games,barrel|banana|ape
757,Kirby,games,pink|suck|copy
758,Tekken,games,fist|3D|iron
759,Warcraft,games,orc|strategy|Blizzard
760,Fire Emblem,games,strategy|death|sword
761,Titanic,movies,ship|sink|cold
762,The Lion King,movies,pride|circle|roar
763,Inception,movies,dream|spin|deep
764,The Godfather,movies,offer|family|power
765,Jurassic Park,movies,ancient|island|run
766,Avatar,movies,blue|nature|tall
767,Harry Potter,movies,wand|school|magic
768,The Matrix,movies,red|code|choice
769,Shrek,movies,swamp|ogre|layers
770,Finding Nemo,movies,orange|swim|lost
771,Frozen,movies,cold|sister|let go
772,The Dark Knight,movies,bat|dark|chaos
773,Forrest Gump,movies,run|bench|chocolate
774,Gladiator,movies,arena|Rome|fight
775,Spirited Away,movies,spirit|bath|child
776,Toy Story,movies,plastic|friend|fly
777,Parasite,movies,class|house|plan
778,La La Land,movies,dream|music|city
779,Interstellar,movies,space|time|vast
780,Avengers,movies,assemble|hero|team
781,Pulp Fiction,movies,twist|dialogue|crime
782,The Shining,movies,hotel|snow|mad
  { id: 783, word: 'Schindler\'s List', category: 'movies', hints: 'war|list|save' },
784,Alien,movies,space|chest|scream
785,Up,movies,balloon|old|adventure
786,Joker,movies,laugh|chaos|paint
787,Coco,movies,music|dead|family
788,Black Panther,movies,Africa|vibranium|king
789,Goodfellas,movies,mob|funny|rise
790,Fight Club,movies,rule|soap|twist
791,Se7en,movies,sin|box|dark
792,Memento,movies,tattoo|backwards|memory
793,Gone Girl,movies,missing|twist|marriage
794,Whiplash,movies,drum|push|tempo
795,The Truman Show,movies,watched|fake|escape
796,Cast Away,movies,island|ball|alone
797,The Prestige,movies,magic|twin|obsess
798,2001: A Space Odyssey,movies,HAL|slow|monolith
799,Blade Runner,movies,rain|neon|replicant
800,ET,movies,bicycle|alien|home
801,Star Wars,movies,force|lightsaber|galaxy
802,Indiana Jones,movies,whip|hat|ancient
803,Back to the Future,movies,car|time|88 mph
804,Jaws,movies,beach|music|shark
805,Psycho,movies,shower|motel|mother
806,Casablanca,movies,fog|classic|piano
807,Citizen Kane,movies,rosebud|power|classic
808,Braveheart,movies,freedom|Scotland|paint
809,Saving Private Ryan,movies,war|beach|find
810,Apocalypse Now,movies,jungle|river|darkness
811,Dunkirk,movies,beach|war|escape
812,Hacksaw Ridge,movies,no weapon|war|faith
813,Inglourious Basterds,movies,alt history|scalp|tavern
814,Django Unchained,movies,slave|western|revenge
815,The Revenant,movies,bear|survive|cold
816,Gravity,movies,space|float|debris
817,Mad Max,movies,desert|chase|fuel
  { id: 818, word: 'Pan\'s Labyrinth',  category: 'movies', hints: 'fairy|dark|Spain' },
819,City of God,movies,favela|Brazil|gangs
820,Oldboy,movies,revenge|twist|Korean
821,Seven Samurai,movies,protect|village|Japanese
822,Akira,movies,anime|Tokyo|psychic
823,Princess Mononoke,movies,nature|wolf|spirit
824,Spirited Away,movies,spirit|bath|child
825,Your Name,movies,swap|comet|Japanese
826,The Grand Budapest Hotel,movies,pink|lobby|Wes Anderson
827,Knives Out,movies,detective|mystery|family
828,Get Out,movies,race|horror|twist
829,Midsommar,movies,bright|Sweden|horror
830,Hereditary,movies,family|grief|dark
831,A Quiet Place,movies,silence|monster|family
832,The Silence of the Lambs,movies,mask|cannibal|dark
833,Shutter Island,movies,island|twist|mind
834,Lawrence of Arabia,movies,desert|long|British
835,Full Metal Jacket,movies,training|Vietnam|split
836,1917,movies,trench|single shot|mission
837,Children of Men,movies,no children|hope|escape
838,Rashomon,movies,perspective|Japanese|gate
839,A Silent Voice,movies,deaf|bully|redeem
840,The Sound of Music,movies,mountain|musical|escape
841,Football,sports,kick|field|goal
842,Basketball,sports,hoop|bounce|court
843,Tennis,sports,racket|net|serve
844,Swimming,sports,lane|stroke|wet
845,Boxing,sports,punch|ring|glove
846,Golf,sports,club|hole|quiet
847,Cycling,sports,wheel|pedal|hill
848,Gymnastics,sports,flip|balance|mat
849,Volleyball,sports,net|spike|beach
850,Rugby,sports,tackle|oval|mud
851,Cricket,sports,bat|wicket|pitch
852,Skiing,sports,slope|snow|pole
853,Wrestling,sports,pin|mat|grip
854,Archery,sports,aim|arrow|release
855,Fencing,sports,blade|mask|thrust
856,Surfing,sports,wave|board|balance
857,Rowing,sports,oar|water|team
858,Badminton,sports,shuttle|light|fast
859,Ice Hockey,sports,puck|cold|skate
860,Pole Vault,sports,height|fly|bar
861,Taekwondo,sports,kick|belt|Korean
862,Curling,sports,sweep|stone|ice
863,Sumo,sports,large|ring|push
864,Skateboarding,sports,trick|board|ramp
865,Triathlon,sports,swim|bike|run
866,Baseball,sports,bat|diamond|pitch
867,American Football,sports,helmet|touchdown|oval
868,Ice Skating,sports,blade|spin|cold
869,Snowboarding,sports,slope|one board|jump
870,Rock Climbing,sports,grip|vertical|chalk
871,Kayaking,sports,paddle|enclosed|river
872,Sailing,sports,wind|mast|sea
873,Diving,sports,flip|pool|splash
874,Water Polo,sports,pool|throw|goal
875,Equestrian,sports,horse|jump|elegant
876,Judo,sports,throw|belt|Japanese
877,Karate,sports,chop|kata|Japanese
878,Jiu-Jitsu,sports,ground|choke|Brazilian
879,MMA,sports,cage|mixed|octagon
880,Muay Thai,sports,elbow|Thai|eight limbs
881,Table Tennis,sports,small|fast|spin
882,Squash,sports,wall|rubber|enclosed
883,Handball,sports,throw|indoor|goal
884,Lacrosse,sports,stick|net|field
885,Field Hockey,sports,stick|grass|flat
886,Discus,sports,spin|flat|throw
887,Shot Put,sports,push|heavy|circle
888,High Jump,sports,bar|backwards|height
889,Long Jump,sports,sand|run|leap
890,Marathon,sports,42km|endure|road
891,Sprinting,sports,fast|100m|burst
892,Hurdling,sports,jump|obstacle|track
893,Biathlon,sports,ski|shoot|cold
894,Luge,sports,sled|feet first|ice
895,Skeleton,sports,head first|sled|ice
896,Ski Jump,sports,ramp|fly|distance
897,Bobsled,sports,fast|ice|track
898,Parkour,sports,obstacle|urban|flow
899,Cheerleading,sports,cheer|pyramid|flip
900,Trampoline,sports,bounce|flip|high
901,Doctor,professions,heal|white|stethoscope
902,Architect,professions,design|build|blueprint
903,Chef,professions,cook|knife|taste
904,Astronaut,professions,space|suit|float
905,Lawyer,professions,argue|court|suit
906,Firefighter,professions,hose|brave|red
907,Pilot,professions,fly|cockpit|wing
908,Teacher,professions,chalk|class|learn
909,Surgeon,professions,cut|glove|precise
910,Journalist,professions,write|camera|news
911,Scientist,professions,lab|experiment|discover
912,Police Officer,professions,badge|law|patrol
913,Nurse,professions,care|needle|scrubs
914,Artist,professions,brush|color|create
915,Musician,professions,note|stage|instrument
916,Psychologist,professions,listen|mind|couch
917,Dentist,professions,teeth|drill|chair
918,Farmer,professions,soil|grow|early
919,Accountant,professions,number|tax|balance
920,Diplomat,professions,negotiate|embassy|foreign
921,Archaeologist,professions,dig|ancient|brush
922,Sommelier,professions,wine|smell|taste
923,Cartographer,professions,map|draw|explore
924,Neurosurgeon,professions,brain|precise|operate
925,Choreographer,professions,move|direct|dance
926,Zoologist,professions,animal|study|field
927,Vet,professions,animal|heal|clinic
928,Pharmacist,professions,pill|dispense|drug
929,Physiotherapist,professions,exercise|recover|muscle
930,Radiologist,professions,scan|image|read
931,Cardiologist,professions,heart|specialist|rhythm
932,Dermatologist,professions,skin|rash|examine
933,Midwife,professions,birth|guide|women
934,Paramedic,professions,fast|emergency|save
935,Social Worker,professions,help|support|welfare
936,Librarian,professions,book|quiet|organize
937,Historian,professions,past|research|document
938,Geologist,professions,rock|layer|earth
939,Meteorologist,professions,weather|predict|map
940,Astronomer,professions,star|telescope|night
941,Biologist,professions,life|specimen|lab
942,Chemist,professions,element|react|lab
943,Physicist,professions,force|theory|math
944,Mathematician,professions,proof|abstract|number
945,Software Engineer,professions,code|build|debug
946,Graphic Designer,professions,visual|create|pixel
947,Animator,professions,frame|motion|draw
948,Film Director,professions,cut|vision|set
949,Actor,professions,role|stage|pretend
950,Screenwriter,professions,script|dialogue|scene
951,Photographer,professions,shoot|light|frame
952,Sculptor,professions,carve|clay|form
953,Poet,professions,verse|rhythm|word
954,Novelist,professions,chapter|story|long
955,Translator,professions,language|bridge|precise
956,Judge,professions,robe|gavel|neutral
957,Detective,professions,clue|observe|solve
958,Forensic Scientist,professions,crime|evidence|lab
959,Spy,professions,secret|blend|gather
960,Soldier,professions,uniform|serve|weapon
961,Plumber,professions,pipe|leak|fix
962,Electrician,professions,wire|current|fix
963,Carpenter,professions,wood|chisel|build
964,Welder,professions,spark|metal|mask
965,Mechanic,professions,engine|fix|oil
966,Tailor,professions,stitch|fit|measure
967,Blacksmith,professions,forge|iron|hammer
968,Glassblower,professions,blow|molten|shape
969,Potter,professions,clay|wheel|fire
970,Jeweller,professions,gem|precise|craft
971,Butcher,professions,cut|meat|cleaver
972,Baker,professions,rise|oven|flour
973,Brewer,professions,ferment|barrel|grain
974,Fisherman,professions,net|sea|early
975,Lumberjack,professions,axe|forest|fell
976,Miner,professions,deep|dark|extract
977,Air Traffic Controller,professions,radar|safe|instruct
978,Train Driver,professions,rail|schedule|whistle
979,Postman,professions,bag|route|letter
980,Personal Trainer,professions,push|motivate|rep
981,Lifeguard,professions,watch|rescue|red
982,Security Guard,professions,watch|uniform|patrol
983,Coroner,professions,death|cause|examine
984,Actuary,professions,risk|number|predict
985,Stunt Double,professions,risk|safe|replace
986,Locksmith,professions,key|lock|open
987,Data Scientist,professions,data|model|insight
988,Watchmaker,professions,tiny|gear|precise
989,Pastry Chef,professions,sweet|precise|French
990,Optician,professions,eye|lens|test
991,Freedom,abstract,open|choice|fly
992,Time,abstract,pass|tick|forward
993,Love,abstract,warm|blind|give
994,Fear,abstract,freeze|dark|cold
995,Justice,abstract,balance|equal|blind
996,Peace,abstract,calm|dove|still
997,Power,abstract,force|control|above
998,Memory,abstract,past|fade|vivid
999,Hope,abstract,forward|light|hold
1000,Truth,abstract,clear|hard|bare
1001,Chaos,abstract,random|loud|spin
1002,Silence,abstract,still|empty|vast
1003,Dream,abstract,float|vivid|night
1004,Luck,abstract,chance|rare|find
1005,Change,abstract,shift|new|resist
1006,Wisdom,abstract,age|deep|slow
1007,Courage,abstract,face|shake|forward
1008,Imagination,abstract,create|free|vivid
1009,Fate,abstract,written|path|inevitable
1010,Grief,abstract,heavy|loss|wave
1011,Ambition,abstract,drive|climb|hunger
1012,Nostalgia,abstract,warm|past|ache
1013,Irony,abstract,opposite|twist|smirk
1014,Infinity,abstract,endless|loop|beyond
1015,Empathy,abstract,feel|other|share
1016,Entropy,abstract,disorder|fade|natural
1017,Paradox,abstract,both|impossible|twist
1018,Void,abstract,empty|dark|nothing
1019,Identity,abstract,who|core|self
1020,Loyalty,abstract,stay|trust|through
1021,Betrayal,abstract,trust|break|close
1022,Jealousy,abstract,green|want|compare
1023,Guilt,abstract,gnaw|stomach|wrong
1024,Pride,abstract,chest|stand|before
1025,Shame,abstract,hide|flush|seen
1026,Regret,abstract,if only|look back|ache
1027,Forgiveness,abstract,release|not forget|peace
1028,Compassion,abstract,feel|help|other
1029,Gratitude,abstract,thank|appreciate|full
1030,Loneliness,abstract,alone|hollow|crowd
1031,Solitude,abstract,alone|chosen|peace
1032,Curiosity,abstract,why|explore|cat
1033,Wonder,abstract,awe|vast|still
1034,Mystery,abstract,unknown|clue|dark
1035,Serenity,abstract,still|water|breathe
1036,Tension,abstract,tight|hold|snap
1037,Despair,abstract,bottom|dark|collapse
1038,Euphoria,abstract,high|overwhelming|light
1039,Melancholy,abstract,gentle|sad|grey
1040,Apathy,abstract,nothing|flat|empty
1041,Obsession,abstract,circle|constant|consume
1042,Passion,abstract,burn|drive|deep
1043,Instinct,abstract,gut|fast|born
1044,Consciousness,abstract,aware|mind|hard question
1045,Morality,abstract,right|wrong|code
1046,Ethics,abstract,dilemma|principle|system
1047,Legacy,abstract,leave|remember|after
1048,Purpose,abstract,why|direction|drive
1049,Meaning,abstract,reason|search|deep
1050,Absurdity,abstract,pointless|laugh|Camus
1051,Illusion,abstract,trick|see|not real
1052,Reality,abstract,actual|hard|question
1053,Perception,abstract,lens|interpret|unique
1054,Intuition,abstract,feel|know|instant
1055,Reason,abstract,logic|think|argue
1056,Belief,abstract,hold|without proof|faith
1057,Doubt,abstract,uncertain|pause|question
1058,Ambiguity,abstract,unclear|both|grey area
1059,Complexity,abstract,layers|tangled|deep
1060,Simplicity,abstract,strip|pure|less
1061,Balance,abstract,equal|steady|middle
1062,Harmony,abstract,together|flow|chord
1063,Discord,abstract,clash|off|noise
1064,Unity,abstract,together|whole|one
1065,Revolution,abstract,turn|break|new order
1066,Evolution,abstract,slow|adapt|natural
1067,Progress,abstract,forward|build|better
1068,Decline,abstract,fall|slow|fade
1069,Rebirth,abstract,phoenix|start|fresh
1070,Momentum,abstract,build|hard to stop|mass
1071,Duality,abstract,two|opposite|same
1072,Transcendence,abstract,beyond|above|spiritual
1073,Vulnerability,abstract,open|exposed|brave
1074,Resilience,abstract,bounce|tough|recover
1075,Integrity,abstract,consistent|private|honest
1076,Curiosity,abstract,pull|question|wander
1077,Urgency,abstract,now|fast|press
1078,Subconscious,abstract,below|unseen|drive
1079,Division,abstract,apart|split|line
1080,Inertia,abstract,stay|resist|still
